cdmTableName,cdmFieldName,conceptId,conceptName,wrongDomain,cdmWrongFieldName,cdmValueFieldName,checkAllowedValues,checkUnit
observation,observation_concept_id,2000001119,AIHA or ITP poorly responsive to corticosteroids or other standard therapy,measurement,measurement_concept_id,,,
observation,observation_concept_id,2000001133,Reason for non-eligibility for SCT,measurement,measurement_concept_id,,,
observation,observation_concept_id,2000001133,Reason for non-eligibility for SCT,,,value_as_concept_id,Yes,
observation,observation_concept_id,2000001140,Non-eligible for SCT due to comorbidities,measurement,measurement_concept_id,,,
observation,observation_concept_id,2000001141,Non-eligible for SCT due to high biological age,measurement,measurement_concept_id,,,
observation,observation_concept_id,2000001143,Non-eligible for SCT due to other reason,measurement,measurement_concept_id,,,
observation,observation_concept_id,2000001142,Non-eligible for SCT due to poor general health,measurement,measurement_concept_id,,,
observation,observation_concept_id,2000001167,(Highly) aggressive disease,measurement,measurement_concept_id,,,
measurement,measurement_concept_id,2000001121,Amp1q [Identifier] in bone marrow by FISH,observation,observation_concept_id,,,
measurement,measurement_concept_id,2000001121,Amp1q [Identifier] in bone marrow by FISH,,,value_as_concept_id,Yes,
observation,observation_concept_id,2000001103,Bone marrow infiltration,measurement,measurement_concept_id,,,
measurement,measurement_concept_id,2000001070,CLL - MRD assessment using ASO - PCR on bone marrow,observation,observation_concept_id,,,
measurement,measurement_concept_id,2000001070,CLL - MRD assessment using ASO - PCR on bone marrow,,,value_as_concept_id,Yes,
measurement,measurement_concept_id,2000001069,CLL - MRD assessment using ASO - PCR on peripheral blood,observation,observation_concept_id,,,
measurement,measurement_concept_id,2000001069,CLL - MRD assessment using ASO - PCR on peripheral blood,,,value_as_concept_id,Yes,
measurement,measurement_concept_id,2000001068,CLL - MRD assessment using CDR3 - PCR on bone marrow,observation,observation_concept_id,,,
measurement,measurement_concept_id,2000001068,CLL - MRD assessment using CDR3 - PCR on bone marrow,,,value_as_concept_id,Yes,
measurement,measurement_concept_id,2000001067,CLL - MRD assessment using CDR3 - PCR on peripheral blood,observation,observation_concept_id,,,
measurement,measurement_concept_id,2000001067,CLL - MRD assessment using CDR3 - PCR on peripheral blood,,,value_as_concept_id,Yes,
measurement,measurement_concept_id,2000001066,CLL - MRD assessment using flow cytometry on bone marrow,observation,observation_concept_id,,,
measurement,measurement_concept_id,2000001066,CLL - MRD assessment using flow cytometry on bone marrow,,,value_as_concept_id,Yes,
measurement,measurement_concept_id,2000001065,CLL - MRD assessment using flow cytometry on peripheral blood,observation,observation_concept_id,,,
measurement,measurement_concept_id,2000001065,CLL - MRD assessment using flow cytometry on peripheral blood,,,value_as_concept_id,Yes,
observation,observation_concept_id,2000001064,CLL related infection,measurement,measurement_concept_id,,,
observation,observation_concept_id,2000001074,Chemotherapy changed - Adverse event of therapy,measurement,measurement_concept_id,,,
measurement,measurement_concept_id,21494134,Chromosome region 1q21 duplication in Bone marrow by FISH,observation,observation_concept_id,,,
observation,observation_concept_id,2000001185,Daratumumab dose split over 2 days,measurement,measurement_concept_id,,,
observation,observation_concept_id,2000001185,Daratumumab dose split over 2 days,,,value_as_concept_id,Yes,
measurement,measurement_concept_id,2000001082,Del 8q24 [%] in bone marrow by FISH,observation,observation_concept_id,,,
measurement,measurement_concept_id,2000001082,Del 8q24 [%] in bone marrow by FISH,,,unit_concept_id,,Yes
observation,observation_concept_id,2000001166,Disease aggressiveness at treatment decision,measurement,measurement_concept_id,,,
observation,observation_concept_id,2000001166,Disease aggressiveness at treatment decision,,,value_as_concept_id,Yes,
observation,observation_concept_id,2000001169,Indolent disease,measurement,measurement_concept_id,,,
observation,observation_concept_id,2000001168,Intermediately aggressive disease,measurement,measurement_concept_id,,,
observation,observation_concept_id,2000001175,Doubling of M-protein within 2 months,measurement,measurement_concept_id,,,
observation,observation_concept_id,4175026,ECOG Performance status - Grade 0,measurement,measurement_concept_id,,,
observation,observation_concept_id,4173614,ECOG Performance status - Grade 1,measurement,measurement_concept_id,,,
observation,observation_concept_id,4172043,ECOG Performance status - Grade 2,measurement,measurement_concept_id,,,
observation,observation_concept_id,4174241,ECOG Performance status - Grade 3,measurement,measurement_concept_id,,,
observation,observation_concept_id,4174251,ECOG Performance status - Grade 4,measurement,measurement_concept_id,,,
measurement,measurement_concept_id,4167763,ECOG scale for physical assessment,observation,observation_concept_id,,,
measurement,measurement_concept_id,4167763,ECOG scale for physical assessment,,,value_as_concept_id,Yes,
observation,observation_concept_id,2000001132,Eligibility for stem cell therapy,measurement,measurement_concept_id,,,
observation,observation_concept_id,2000001132,Eligibility for stem cell therapy,,,value_as_concept_id,Yes,
measurement,measurement_concept_id,2000001089,FASAY,observation,observation_concept_id,,,
measurement,measurement_concept_id,2000001089,FASAY,,,value_as_concept_id,Yes,
measurement,measurement_concept_id,3049502,IgVH gene targeted mutation analysis in Blood or Tissue by Molecular genetics method,observation,observation_concept_id,,,
observation,observation_concept_id,2000001128,Initial stem cell mobilization successful,measurement,measurement_concept_id,,,
measurement,measurement_concept_id,4169154,Karnofsky performance status,observation,observation_concept_id,,,
measurement,measurement_concept_id,4196111,Karyotype Determination,observation,observation_concept_id,,,
measurement,measurement_concept_id,4196111,Karyotype Determination,,,value_as_concept_id,Yes,
observation,observation_concept_id,2000001120,Meeting the criteria for treatment initiation,measurement,measurement_concept_id,,,
observation,observation_concept_id,2000001120,Meeting the criteria for treatment initiation,,,value_as_concept_id,Yes,
observation,observation_concept_id,2000001176,New or enlarged osteolyses,measurement,measurement_concept_id,,,
observation,observation_concept_id,2000001131,Number of gathered transplants,measurement,measurement_concept_id,,,
observation,observation_concept_id,2000001104,Number of lymph node areas affected,measurement,measurement_concept_id,,,
observation,observation_concept_id,2000001129,Overall stem cell mobilization successful,measurement,measurement_concept_id,,,
observation,observation_concept_id,4077864,Progression,measurement,measurement_concept_id,,,
observation,observation_concept_id,2000001174,Reason for new treatment line,measurement,measurement_concept_id,,,
observation,observation_concept_id,2000001165,Reason for not receiving SCT after being considered eligible,measurement,measurement_concept_id,,,
observation,observation_concept_id,2000001165,Reason for not receiving SCT after being considered eligible,,,value_as_concept_id,Yes,
observation,observation_concept_id,2000001138,Not eligible after further examination,measurement,measurement_concept_id,,,
observation,observation_concept_id,2000001136,No benefit is expected from further or modified induction therapy,measurement,measurement_concept_id,,,
observation,observation_concept_id,2000001134,Ongoing induction therapy,measurement,measurement_concept_id,,,
observation,observation_concept_id,2000001135,Patient decision,measurement,measurement_concept_id,,,
observation,observation_concept_id,2000001137,Patient failed to show up at transplantation center,measurement,measurement_concept_id,,,
observation,observation_concept_id,2000001139,SCT not received for other reason,measurement,measurement_concept_id,,,
measurement,measurement_concept_id,2000001102,Size of lymph node bulk,observation,observation_concept_id,,,
measurement,measurement_concept_id,2000001102,Size of lymph node bulk,,,unit_concept_id,,Yes
observation,observation_concept_id,2000000001,First line chemotherapy,measurement,measurement_concept_id,,,
observation,observation_concept_id,2000000002,Chemotherapy changed - relapse,measurement,measurement_concept_id,,,
observation,observation_concept_id,2000000003,Chemotherapy changed - Refractory disease,measurement,measurement_concept_id,,,
observation,observation_concept_id,2000000004,Chemotherapy changed - other reason,measurement,measurement_concept_id,,,
measurement,measurement_concept_id,2000000008,International staging system stage,observation,observation_concept_id,,,
measurement,measurement_concept_id,2000000008,International staging system stage,,,value_as_concept_id,Yes,
measurement,measurement_concept_id,2000000009,Durie-Salmon staging system stage,observation,observation_concept_id,,,
measurement,measurement_concept_id,2000000009,Durie-Salmon staging system stage,,,value_as_concept_id,Yes,
observation,observation_concept_id,2000000014,completed study,measurement,measurement_concept_id,,,
observation,observation_concept_id,2000000015,censorship,measurement,measurement_concept_id,,,
measurement,measurement_concept_id,2000000016,Del(17)p [identifier] in bone marrow,observation,observation_concept_id,,,
measurement,measurement_concept_id,2000000016,Del(17)p [identifier] in bone marrow,,,value_as_concept_id,Yes,
measurement,measurement_concept_id,2000000017,Del(17)p cells/100 cells in bone marrow,observation,observation_concept_id,,,
measurement,measurement_concept_id,2000000017,Del(17)p cells/100 cells in bone marrow,,,unit_concept_id,,Yes
measurement,measurement_concept_id,2000000018,Del13 (Isolated monosomy 13) [identifier] in bone marrow,observation,observation_concept_id,,,
measurement,measurement_concept_id,2000000018,Del13 (Isolated monosomy 13) [identifier] in bone marrow,,,value_as_concept_id,Yes,
measurement,measurement_concept_id,2000000019,Del13 (Isolated monosomy 13) cells/100 cells in bone marrow,observation,observation_concept_id,,,
measurement,measurement_concept_id,2000000019,Del13 (Isolated monosomy 13) cells/100 cells in bone marrow,,,unit_concept_id,,Yes
measurement,measurement_concept_id,2000000020,t(4;14)(p16;q32) [identifier] in Bone marrow,observation,observation_concept_id,,,
measurement,measurement_concept_id,2000000020,t(4;14)(p16;q32) [identifier] in Bone marrow,,,value_as_concept_id,Yes,
measurement,measurement_concept_id,2000000021,Other cytogenetic abnormalities [identifier] in the absence of IgH translocations or trisomy or monosomy 14,observation,observation_concept_id,,,
measurement,measurement_concept_id,2000000022,t(4;14)(p16;q32) cells/100 cells in Bone marrow,observation,observation_concept_id,,,
measurement,measurement_concept_id,2000000022,t(4;14)(p16;q32) cells/100 cells in Bone marrow,,,unit_concept_id,,Yes
observation,observation_concept_id,2000000023,Toxicity value,measurement,measurement_concept_id,,,
observation,observation_concept_id,2000000023,Toxicity value,,,value_as_concept_id,Yes,
observation,observation_concept_id,2000000024,Outcome of adverse event,measurement,measurement_concept_id,,,
observation,observation_concept_id,2000000024,Outcome of adverse event,,,value_as_concept_id,Yes,
measurement,measurement_concept_id,2000000028,QLQ-C30 Global Health Status change from baseline,observation,observation_concept_id,,,
measurement,measurement_concept_id,2000000907,Quality of life,observation,observation_concept_id,,,
measurement,measurement_concept_id,2000000029,QLQ-C30 Physical Functioning change from baseline,observation,observation_concept_id,,,
measurement,measurement_concept_id,2000000030,QLQ-C30 Role Functioning change from baseline,observation,observation_concept_id,,,
measurement,measurement_concept_id,2000000031,QLQ-C30 Emotional Functioning change from baseline,observation,observation_concept_id,,,
measurement,measurement_concept_id,2000000032,QLQ-C30 Cognitive Functioning change from baseline,observation,observation_concept_id,,,
measurement,measurement_concept_id,2000000033,QLQ-C30 Social Functioning change from baseline,observation,observation_concept_id,,,
measurement,measurement_concept_id,2000000034,QLQ-C30 Fatigue change from baseline,observation,observation_concept_id,,,
measurement,measurement_concept_id,2000000035,QLQ-C30 Nausea and Vomiting change from baseline,observation,observation_concept_id,,,
measurement,measurement_concept_id,2000000036,QLQ-C30 Pain change from baseline,observation,observation_concept_id,,,
measurement,measurement_concept_id,2000000037,QLQ-C30 Dyspnoeachange from baseline,observation,observation_concept_id,,,
measurement,measurement_concept_id,2000000038,QLQ-C30 Insomnia change from baseline,observation,observation_concept_id,,,
measurement,measurement_concept_id,2000000039,QLQ-C30 Appetite Loss change from baseline,observation,observation_concept_id,,,
measurement,measurement_concept_id,2000000040,QLQ-C30 Constipation change from baseline,observation,observation_concept_id,,,
measurement,measurement_concept_id,2000000041,QLQ-C30 Diarrhea change from baseline,observation,observation_concept_id,,,
measurement,measurement_concept_id,2000000042,QLQ-C30 Financial Difficulties change from baseline,observation,observation_concept_id,,,
measurement,measurement_concept_id,2000000043,EQ-5D 5L Total change from baseline,observation,observation_concept_id,,,
measurement,measurement_concept_id,2000000044,EQ-VAS change from baseline,observation,observation_concept_id,,,
observation,observation_concept_id,2000000098,Chemotherapy changed - End of Phase/ line,measurement,measurement_concept_id,,,
observation,observation_concept_id,2000000099,Censored Last Visit,measurement,measurement_concept_id,,,
observation,observation_concept_id,2000000100,Chemotherapy changed - Patient Request,measurement,measurement_concept_id,,,
observation,observation_concept_id,2000000101,Censored for unknown reason,measurement,measurement_concept_id,,,
observation,observation_concept_id,2000000180,History of neuropathic pain,measurement,measurement_concept_id,,,
observation,observation_concept_id,2000000181,History of neuropathy,measurement,measurement_concept_id,,,
measurement,measurement_concept_id,2000000588,CD200 % cells in bone marrow,observation,observation_concept_id,,,
measurement,measurement_concept_id,2000000588,CD200 % cells in bone marrow,,,unit_concept_id,,Yes
measurement,measurement_concept_id,2000000589,CD229 % cells in bone marrow,observation,observation_concept_id,,,
measurement,measurement_concept_id,2000000589,CD229 % cells in bone marrow,,,unit_concept_id,,Yes
measurement,measurement_concept_id,2000000590,CD319 % cells in bone marrow,observation,observation_concept_id,,,
measurement,measurement_concept_id,2000000590,CD319 % cells in bone marrow,,,unit_concept_id,,Yes
measurement,measurement_concept_id,2000000591,CD54 % cells in bone marrow,observation,observation_concept_id,,,
measurement,measurement_concept_id,2000000591,CD54 % cells in bone marrow,,,unit_concept_id,,Yes
measurement,measurement_concept_id,2000000592,CD56 % cells in bone marrow,observation,observation_concept_id,,,
measurement,measurement_concept_id,2000000592,CD56 % cells in bone marrow,,,unit_concept_id,,Yes
measurement,measurement_concept_id,2000000593,VS38c % cells in bone marrow,observation,observation_concept_id,,,
measurement,measurement_concept_id,2000000593,VS38c % cells in bone marrow,,,unit_concept_id,,Yes
measurement,measurement_concept_id,2000000594,CD27 % cells in bone marrow,observation,observation_concept_id,,,
measurement,measurement_concept_id,2000000594,CD27 % cells in bone marrow,,,unit_concept_id,,Yes
measurement,measurement_concept_id,2000000595,Isolated Monosomy 14,observation,observation_concept_id,,,
measurement,measurement_concept_id,2000000596,t(14;20) (q32;q11) fusion transcript [Identifier] in Bone marrow,observation,observation_concept_id,,,
measurement,measurement_concept_id,2000000596,t(14;20) (q32;q11) fusion transcript [Identifier] in Bone marrow,,,value_as_concept_id,Yes,
measurement,measurement_concept_id,2000000597,t(6;14) (p21;q32) fusion transcript [Identifier] in Bone marrow,observation,observation_concept_id,,,
measurement,measurement_concept_id,2000000597,t(6;14) (p21;q32) fusion transcript [Identifier] in Bone marrow,,,value_as_concept_id,Yes,
measurement,measurement_concept_id,2000000598,Other IGH translocation,observation,observation_concept_id,,,
measurement,measurement_concept_id,2000000599,Trisomic MM,observation,observation_concept_id,,,
measurement,measurement_concept_id,2000000599,Trisomic MM,,,value_as_concept_id,Yes,
measurement,measurement_concept_id,2000000600,Combined IgH-translocated/trisomic MM,observation,observation_concept_id,,,
observation,observation_concept_id,2000000601,Partial response,measurement,measurement_concept_id,,,
observation,observation_concept_id,2000000928,IMWG 2011 Response Criteria,measurement,measurement_concept_id,,,
observation,observation_concept_id,2000000602,Progressive disease,measurement,measurement_concept_id,,,
observation,observation_concept_id,2000000603,Stable disease,measurement,measurement_concept_id,,,
observation,observation_concept_id,2000000604,Complete response,measurement,measurement_concept_id,,,
observation,observation_concept_id,2000000605,Immunophenotypic complete response,measurement,measurement_concept_id,,,
observation,observation_concept_id,2000000606,Molecular response,measurement,measurement_concept_id,,,
observation,observation_concept_id,2000000607,Stringent complete response,measurement,measurement_concept_id,,,
observation,observation_concept_id,2000000608,Very good partial response,measurement,measurement_concept_id,,,
observation,observation_concept_id,2000000609,Near complete response,measurement,measurement_concept_id,,,
observation,observation_concept_id,2000000610,Minimal response,measurement,measurement_concept_id,,,
observation,observation_concept_id,2000000611,Response unknown/NA,measurement,measurement_concept_id,,,
measurement,measurement_concept_id,2000000621,IgA [presence],observation,observation_concept_id,,,
measurement,measurement_concept_id,2000000622,IgG [Mass/volume],observation,observation_concept_id,,,
measurement,measurement_concept_id,2000000623,IgM [Mass/volume],observation,observation_concept_id,,,
measurement,measurement_concept_id,2000000624,ZAP-70 expression [categorical],observation,observation_concept_id,,,
measurement,measurement_concept_id,2000000625,IGHV rearrangement [Identifier] in bone marrow,observation,observation_concept_id,,,
measurement,measurement_concept_id,2000000625,IGHV rearrangement [Identifier] in bone marrow,,,value_as_concept_id,Yes,
measurement,measurement_concept_id,2000000626,IGHV rearrangement cells/100 cells in bone marrow,observation,observation_concept_id,,,
measurement,measurement_concept_id,2000000626,IGHV rearrangement cells/100 cells in bone marrow,,,unit_concept_id,,Yes
measurement,measurement_concept_id,2000000627,ZAP-70 expression in bone marrow,observation,observation_concept_id,,,
measurement,measurement_concept_id,2000000628,CXCR4-WHIM mutation,observation,observation_concept_id,,,
measurement,measurement_concept_id,2000000628,CXCR4-WHIM mutation,,,value_as_concept_id,Yes,
measurement,measurement_concept_id,2000000629,SOX 11 Alterations by Immunohistochemistry,observation,observation_concept_id,,,
measurement,measurement_concept_id,2000000629,SOX 11 Alterations by Immunohistochemistry,,,value_as_concept_id,Yes,
measurement,measurement_concept_id,2000000631,Del(13)q [Identifier] in bone marrow,observation,observation_concept_id,,,
measurement,measurement_concept_id,2000000631,Del(13)q [Identifier] in bone marrow,,,value_as_concept_id,Yes,
measurement,measurement_concept_id,2000000632,Del(11)q [Identifier] in bone marrow,observation,observation_concept_id,,,
measurement,measurement_concept_id,2000000632,Del(11)q [Identifier] in bone marrow,,,value_as_concept_id,Yes,
measurement,measurement_concept_id,2000000909,Del11q,observation,observation_concept_id,,,
measurement,measurement_concept_id,2000000909,Del11q,,,value_as_concept_id,Yes,
measurement,measurement_concept_id,2000000633,Del(11)q cells/100 cells in bone marrow,observation,observation_concept_id,,,
measurement,measurement_concept_id,2000000633,Del(11)q cells/100 cells in bone marrow,,,unit_concept_id,,Yes
measurement,measurement_concept_id,2000000634,Binet stage,observation,observation_concept_id,,,
measurement,measurement_concept_id,2000000634,Binet stage,,,value_as_concept_id,Yes,
measurement,measurement_concept_id,2000000638,Rai stage,observation,observation_concept_id,,,
measurement,measurement_concept_id,2000000638,Rai stage,,,value_as_concept_id,Yes,
measurement,measurement_concept_id,2000000887,Staging/risk category,observation,observation_concept_id,,,
measurement,measurement_concept_id,2000000645,Mayo stage,observation,observation_concept_id,,,
measurement,measurement_concept_id,2000000645,Mayo stage,,,value_as_concept_id,Yes,
observation,observation_concept_id,2000000649,IWCLL consenus response criteria 2008: complete remission,measurement,measurement_concept_id,,,
observation,observation_concept_id,2000000650,IWCLL consenus response criteria 2008 complete remission with incomplete marrow recovery,measurement,measurement_concept_id,,,
observation,observation_concept_id,2000000651,IWCLL consenus response criteria 2008 partial remission,measurement,measurement_concept_id,,,
observation,observation_concept_id,2000000652,IWCLL consenus response criteria 2008 stable disease,measurement,measurement_concept_id,,,
observation,observation_concept_id,2000000653,IWCLL consenus response criteria 2008 progressive disease,measurement,measurement_concept_id,,,
measurement,measurement_concept_id,2000000672,Del(13)q cells/100 cells in bone marrow,observation,observation_concept_id,,,
measurement,measurement_concept_id,2000000672,Del(13)q cells/100 cells in bone marrow,,,unit_concept_id,,Yes
measurement,measurement_concept_id,2000000673,Ann Arbour staging score,observation,observation_concept_id,,,
measurement,measurement_concept_id,2000000673,Ann Arbour staging score,,,value_as_concept_id,Yes,
observation,observation_concept_id,2000000678,B symptoms Y/N,measurement,measurement_concept_id,,,
observation,observation_concept_id,2000000678,B symptoms Y/N,,,value_as_concept_id,Yes,
observation,observation_concept_id,2000000679,B symptom: weight loss (Y/N),measurement,measurement_concept_id,,,
observation,observation_concept_id,2000000679,B symptom: weight loss (Y/N),,,value_as_concept_id,Yes,
observation,observation_concept_id,2000000680,B symptom: fever (Y/N),measurement,measurement_concept_id,,,
observation,observation_concept_id,2000000680,B symptom: fever (Y/N),,,value_as_concept_id,Yes,
observation,observation_concept_id,2000000681,B symptom: Night sweats (Y/N),measurement,measurement_concept_id,,,
observation,observation_concept_id,2000000681,B symptom: Night sweats (Y/N),,,value_as_concept_id,Yes,
observation,observation_concept_id,2000000682,Blastoid histology,measurement,measurement_concept_id,,,
measurement,measurement_concept_id,2000000683,Patient International Prognostic Scoring System for WM (IPSSWM),observation,observation_concept_id,,,
measurement,measurement_concept_id,2000000683,Patient International Prognostic Scoring System for WM (IPSSWM),,,value_as_concept_id,Yes,
measurement,measurement_concept_id,2000000687,Patient MCL International Prognostic Index (MIPI) risk score,observation,observation_concept_id,,,
measurement,measurement_concept_id,2000000688,Patient MCL International Prognostic Index (MIPI) risk category,observation,observation_concept_id,,,
measurement,measurement_concept_id,2000000688,Patient MCL International Prognostic Index (MIPI) risk category,,,value_as_concept_id,Yes,
measurement,measurement_concept_id,2000000692,Bulky disease diameter,observation,observation_concept_id,,,
measurement,measurement_concept_id,2000000692,Bulky disease diameter,,,value_as_concept_id,Yes,
measurement,measurement_concept_id,2000000697,Bone marrow involvement,observation,observation_concept_id,,,
measurement,measurement_concept_id,2000000697,Bone marrow involvement,,,value_as_concept_id,Yes,
measurement,measurement_concept_id,2000000703,CIRS Score,observation,observation_concept_id,,,
measurement,measurement_concept_id,2000000704,CIRS (cardiac) [#1],observation,observation_concept_id,,,
measurement,measurement_concept_id,2000000705,CIRS (hypertension) [#2],observation,observation_concept_id,,,
measurement,measurement_concept_id,2000000706,CIRS (vascular) [#3],observation,observation_concept_id,,,
measurement,measurement_concept_id,2000000707,CIRS (respiratory) [#4],observation,observation_concept_id,,,
measurement,measurement_concept_id,2000000708,CIRS (eye-ear-nose-throat-larynx) [#5],observation,observation_concept_id,,,
measurement,measurement_concept_id,2000000709,CIRS (Upper GI) [#6],observation,observation_concept_id,,,
measurement,measurement_concept_id,2000000710,CIRS (Lower GI) [#7],observation,observation_concept_id,,,
measurement,measurement_concept_id,2000000711,CIRS (Hepatic) [#8],observation,observation_concept_id,,,
measurement,measurement_concept_id,2000000712,CIRS (Renal) [#9],observation,observation_concept_id,,,
measurement,measurement_concept_id,2000000713,CIRS (Other genito-urinary) [#10],observation,observation_concept_id,,,
measurement,measurement_concept_id,2000000714,CIRS (Musculo-skeletal-integumentary) [#11],observation,observation_concept_id,,,
measurement,measurement_concept_id,2000000715,CIRS (Neurological) [#12],observation,observation_concept_id,,,
measurement,measurement_concept_id,2000000716,CIRS (Endocrine-metabolic) [#13],observation,observation_concept_id,,,
measurement,measurement_concept_id,2000000717,CIRS (Psychiatric/ behavioral) [#14],observation,observation_concept_id,,,
measurement,measurement_concept_id,2000000724,Revised Multiple Myeloma International Staging System (R-ISS),observation,observation_concept_id,,,
measurement,measurement_concept_id,2000000724,Revised Multiple Myeloma International Staging System (R-ISS),,,value_as_concept_id,Yes,
measurement,measurement_concept_id,2000000728,Protein.monoclonal [Mass/volume] in Serum by Electrophoresis,observation,observation_concept_id,,,
measurement,measurement_concept_id,2000000728,Protein.monoclonal [Mass/volume] in Serum by Electrophoresis,,,unit_concept_id,,Yes
measurement,measurement_concept_id,2000000946,Serum protein electrophoresis (SPEP),observation,observation_concept_id,,,
measurement,measurement_concept_id,2000000888,The Frailty Index for Elders (FIFE),observation,observation_concept_id,,,
measurement,measurement_concept_id,2000000888,The Frailty Index for Elders (FIFE),,,value_as_concept_id,Yes,
measurement,measurement_concept_id,2000000892,Patient Cumulative Illness Rating Scale (CIRS),observation,observation_concept_id,,,
measurement,measurement_concept_id,2000000893,Lytic_bone_lesions,observation,observation_concept_id,,,
measurement,measurement_concept_id,2000000893,Lytic_bone_lesions,,,value_as_concept_id,Yes,
measurement,measurement_concept_id,2000000894,Imaging,observation,observation_concept_id,,,
measurement,measurement_concept_id,2000000895,Imaging by CT,observation,observation_concept_id,,,
measurement,measurement_concept_id,2000000896,Imaging by MRI,observation,observation_concept_id,,,
measurement,measurement_concept_id,2000000897,PET CT,observation,observation_concept_id,,,
measurement,measurement_concept_id,2000000897,PET CT,,,value_as_concept_id,Yes,
measurement,measurement_concept_id,2000000898,Whole body Low Dose CT,observation,observation_concept_id,,,
measurement,measurement_concept_id,2000000898,Whole body Low Dose CT,,,value_as_concept_id,Yes,
measurement,measurement_concept_id,2000000899,MRI of the spine,observation,observation_concept_id,,,
measurement,measurement_concept_id,2000000899,MRI of the spine,,,value_as_concept_id,Yes,
measurement,measurement_concept_id,2000000900,Whole body MRI,observation,observation_concept_id,,,
measurement,measurement_concept_id,2000000900,Whole body MRI,,,value_as_concept_id,Yes,
measurement,measurement_concept_id,2000000905,EQ-5D 3L Total change from baseline,observation,observation_concept_id,,,
measurement,measurement_concept_id,2000000906,EQ-5D Y Total change from baseline,observation,observation_concept_id,,,
measurement,measurement_concept_id,2000000908,Immunohistochemistry,observation,observation_concept_id,,,
measurement,measurement_concept_id,2000000910,Del13q,observation,observation_concept_id,,,
measurement,measurement_concept_id,2000000911,Del17p,observation,observation_concept_id,,,
measurement,measurement_concept_id,2000000920,Cytogenetics,observation,observation_concept_id,,,
measurement,measurement_concept_id,2000000912,IGHV rearrangement,observation,observation_concept_id,,,
measurement,measurement_concept_id,2000000913,Isolated Monosomy 13,observation,observation_concept_id,,,
measurement,measurement_concept_id,2000000914,t(11;14) (q13;q32),observation,observation_concept_id,,,
measurement,measurement_concept_id,2000000915,t(4;14)(p16;q32)(FGFR3;IGH) fusion transcript [Identifier] in Bone marrow,observation,observation_concept_id,,,
measurement,measurement_concept_id,2000000915,t(4;14)(p16;q32)(FGFR3;IGH) fusion transcript [Identifier] in Bone marrow,,,value_as_concept_id,Yes,
measurement,measurement_concept_id,2000000916,ZAP-70 expression measurement,observation,observation_concept_id,,,
measurement,measurement_concept_id,2000000917,t(11;14) (q13;q32) [identifier] in bone marrow,observation,observation_concept_id,,,
measurement,measurement_concept_id,2000000917,t(11;14) (q13;q32) [identifier] in bone marrow,,,value_as_concept_id,Yes,
measurement,measurement_concept_id,2000000918,t(14;16)(q32;q23)(IGH;MAF) fusion transcript [identifier] in Bone marrow,observation,observation_concept_id,,,
measurement,measurement_concept_id,2000000918,t(14;16)(q32;q23)(IGH;MAF) fusion transcript [identifier] in Bone marrow,,,value_as_concept_id,Yes,
measurement,measurement_concept_id,2000000919,t(11;14) (q13;q32) cells/100 cells in Bone marrow,observation,observation_concept_id,,,
measurement,measurement_concept_id,2000000919,t(11;14) (q13;q32) cells/100 cells in Bone marrow,,,unit_concept_id,,Yes
observation,observation_concept_id,2000000921,Very good partial response or better,measurement,measurement_concept_id,,,
observation,observation_concept_id,2000000922,Sequencing Sustained MRD Negative,measurement,measurement_concept_id,,,
observation,observation_concept_id,2000000931,Sustained MRD Negative,measurement,measurement_concept_id,,,
observation,observation_concept_id,2000000923,Flow Sustained MRD Negative,measurement,measurement_concept_id,,,
observation,observation_concept_id,2000000924,Sequencing MRD-Negative,measurement,measurement_concept_id,,,
observation,observation_concept_id,2000000925,Flow MRD-negative,measurement,measurement_concept_id,,,
observation,observation_concept_id,2000000926,MRD Positive,measurement,measurement_concept_id,,,
observation,observation_concept_id,2000000927,IWCLL consenus response criteria 2008,measurement,measurement_concept_id,,,
observation,observation_concept_id,2000000929,IMWG 2016 Response Criteria,measurement,measurement_concept_id,,,
observation,observation_concept_id,2000000930,MRD Negative,measurement,measurement_concept_id,,,
measurement,measurement_concept_id,2000000932,Molecular response measurement by flow cytometry or sequencing,observation,observation_concept_id,,,
measurement,measurement_concept_id,2000000932,Molecular response measurement by flow cytometry or sequencing,,,value_as_concept_id,Yes,
measurement,measurement_concept_id,2000000942,Serum Quantitative Immunoglobulins,observation,observation_concept_id,,,
measurement,measurement_concept_id,2000000943,Urine protein electrophoresis (UPEP),observation,observation_concept_id,,,
measurement,measurement_concept_id,2000000944,Urine immunofixation electrophoresis (UIFE),observation,observation_concept_id,,,
measurement,measurement_concept_id,2000000945,Full skeleton radiographic survey,observation,observation_concept_id,,,
measurement,measurement_concept_id,2000000947,Mayo Stratification for Myeloma and Risk-adapted Therapy (mSMART 2.0),observation,observation_concept_id,,,
measurement,measurement_concept_id,2000000947,Mayo Stratification for Myeloma and Risk-adapted Therapy (mSMART 2.0),,,value_as_concept_id,Yes,
measurement,measurement_concept_id,2000000951,Lactate dehydrogenase [Enzymatic activity/volume] in Serum or Plasma,observation,observation_concept_id,,,
measurement,measurement_concept_id,2000000952,Serum immunofixation electrophoresis (SIFE),observation,observation_concept_id,,,
measurement,measurement_concept_id,2000000953,Full blood count,observation,observation_concept_id,,,
observation,observation_concept_id,2000000954,History of solitary plasmacytoma,measurement,measurement_concept_id,,,
observation,observation_concept_id,2000000955,History of Polyneuropathy,measurement,measurement_concept_id,,,
observation,observation_concept_id,2000000956,History of monoclonal gammopathy of undetermined significance (MGUS),measurement,measurement_concept_id,,,
measurement,measurement_concept_id,2000000957,M protein,observation,observation_concept_id,,,
measurement,measurement_concept_id,2000000957,M protein,,,value_as_concept_id,Yes,
measurement,measurement_concept_id,2000000965,Bone marrow aspiration cytology,observation,observation_concept_id,,,
measurement,measurement_concept_id,2000000969,Bone marrow histology,observation,observation_concept_id,,,
measurement,measurement_concept_id,2000000970,Monoclonal plasmocyte count,observation,observation_concept_id,,,
measurement,measurement_concept_id,2000000970,Monoclonal plasmocyte count,,,unit_concept_id,,Yes
measurement,measurement_concept_id,2000000971,FISH Cells-separated ,observation,observation_concept_id,,,
measurement,measurement_concept_id,2000000972,FISH c-Ig staining,observation,observation_concept_id,,,
measurement,measurement_concept_id,2000000973,FISH test purity,observation,observation_concept_id,,,
measurement,measurement_concept_id,2000000973,FISH test purity,,,unit_concept_id,,Yes
measurement,measurement_concept_id,2000000975,del(13)(q14)/monosomy 13,observation,observation_concept_id,,,
measurement,measurement_concept_id,2000000976,Durie-Salmon substage staging system,observation,observation_concept_id,,,
measurement,measurement_concept_id,2000000976,Durie-Salmon substage staging system,,,value_as_concept_id,Yes,
measurement,measurement_concept_id,2000000979,Light chain type from serum,observation,observation_concept_id,,,
measurement,measurement_concept_id,2000000979,Light chain type from serum,,,value_as_concept_id,Yes,
measurement,measurement_concept_id,2000000980,Conventional cytogenetics exam,observation,observation_concept_id,,,
measurement,measurement_concept_id,2000000981,Osteolytic lesions - X-ray,observation,observation_concept_id,,,
measurement,measurement_concept_id,2000000982,Osteolytic lesions - NMR,observation,observation_concept_id,,,
measurement,measurement_concept_id,2000000983,Osteolytic lesions - CT,observation,observation_concept_id,,,
measurement,measurement_concept_id,2000000984,Osteolytic lesions - LDCT,observation,observation_concept_id,,,
measurement,measurement_concept_id,2000000985,Osteolytic lesions - PET,observation,observation_concept_id,,,
measurement,measurement_concept_id,2000000986,Osteolytic lesions - MIBI,observation,observation_concept_id,,,
measurement,measurement_concept_id,2000000987,Ig kappa HLC pair (g/l),observation,observation_concept_id,,,
measurement,measurement_concept_id,2000000987,Ig kappa HLC pair (g/l),,,unit_concept_id,,Yes
measurement,measurement_concept_id,2000000988,Ig lambda HLC pair (g/l),observation,observation_concept_id,,,
measurement,measurement_concept_id,2000000988,Ig lambda HLC pair (g/l),,,unit_concept_id,,Yes
measurement,measurement_concept_id,2000000989,HLC ratio,observation,observation_concept_id,,,
measurement,measurement_concept_id,2000000991,IGH rearrangement,observation,observation_concept_id,,,
measurement,measurement_concept_id,2000000992,del(17)(p13),observation,observation_concept_id,,,
measurement,measurement_concept_id,2000000993,Plasmocyte count FC,observation,observation_concept_id,,,
measurement,measurement_concept_id,2000000994,Clonal PC,observation,observation_concept_id,,,
measurement,measurement_concept_id,2000000994,Clonal PC,,,unit_concept_id,,Yes
measurement,measurement_concept_id,2000000995,Policlonal PC,observation,observation_concept_id,,,
measurement,measurement_concept_id,2000000995,Policlonal PC,,,unit_concept_id,,Yes
measurement,measurement_concept_id,2000000996,Extramedullary mass - relation,observation,observation_concept_id,,,
measurement,measurement_concept_id,2000000996,Extramedullary mass - relation,,,value_as_concept_id,Yes,
measurement,measurement_concept_id,2000001000,Extramedullary mass histology,observation,observation_concept_id,,,
observation,observation_concept_id,2000001015,date of disease progression,measurement,measurement_concept_id,,,
measurement,measurement_concept_id,2000001018,Granulocyte-colony stimulating factors - G-CSF,observation,observation_concept_id,,,
measurement,measurement_concept_id,2000001019,"Dosage 30 IU / 0,5 ml - number of doses",observation,observation_concept_id,,,
measurement,measurement_concept_id,2000001020,"Dosage 48 IU / 0,5 ml - number of doses",observation,observation_concept_id,,,
measurement,measurement_concept_id,2000001021,M-protein [mg/l per 24h] in Urine - ratio after treatment/entry,observation,observation_concept_id,,,
measurement,measurement_concept_id,2000001021,M-protein [mg/l per 24h] in Urine - ratio after treatment/entry,,,unit_concept_id,,Yes
measurement,measurement_concept_id,2000001022,4-color plasmocyte cytometry,observation,observation_concept_id,,,
measurement,measurement_concept_id,2000001022,4-color plasmocyte cytometry,,,value_as_concept_id,Yes,
measurement,measurement_concept_id,2000001023,8-color plasmocyte cytometry,observation,observation_concept_id,,,
measurement,measurement_concept_id,2000001023,8-color plasmocyte cytometry,,,value_as_concept_id,Yes,
measurement,measurement_concept_id,2000001024,Change of M-protein type,observation,observation_concept_id,,,
measurement,measurement_concept_id,2000001024,Change of M-protein type,,,value_as_concept_id,Yes,
measurement,measurement_concept_id,2000001025,Change of light chain type,observation,observation_concept_id,,,
measurement,measurement_concept_id,2000001025,Change of light chain type,,,value_as_concept_id,Yes,
measurement,measurement_concept_id,2000001026,M-protein [Mass/volume] entry level in Serum ,observation,observation_concept_id,,,
measurement,measurement_concept_id,2000001026,M-protein [Mass/volume] entry level in Serum ,,,unit_concept_id,,Yes
measurement,measurement_concept_id,3046299,Protein.monoclonal [Mass/volume] in Serum by Electrophoresis,observation,observation_concept_id,,,
measurement,measurement_concept_id,3046299,Protein.monoclonal [Mass/volume] in Serum by Electrophoresis,,,unit_concept_id,,Yes
measurement,measurement_concept_id,3050579,ZAP70 cells [Presence] in Unspecified specimen,observation,observation_concept_id,,,
measurement,measurement_concept_id,3050579,ZAP70 cells [Presence] in Unspecified specimen,,,value_as_concept_id,Yes,
measurement,measurement_concept_id,40757589,Granulocyte colony stimulating factor [Mass/volume] in Serum or Plasma,observation,observation_concept_id,,,
measurement,measurement_concept_id,3006923,Alanine aminotransferase [Enzymatic activity/Volume] in Serum or Plasma,observation,observation_concept_id,,,
measurement,measurement_concept_id,3024561,Albumin [Mass/volume] in Serum or Plasma,observation,observation_concept_id,,,
measurement,measurement_concept_id,3013721,Aspartate aminotransferase [Enzymatic activity/volume] in Serum or Plasma,observation,observation_concept_id,,,
measurement,measurement_concept_id,3018199,Band form neutrophils [#/volume] in Blood,observation,observation_concept_id,,,
measurement,measurement_concept_id,3018199,Band form neutrophils [#/volume] in Blood,,,unit_concept_id,,Yes
measurement,measurement_concept_id,3004809,Bands %,observation,observation_concept_id,,,
measurement,measurement_concept_id,3004809,Bands %,,,unit_concept_id,,Yes
measurement,measurement_concept_id,3013201,Beta-2-Microglobulin [Mass/volume] in Serum or Plasma,observation,observation_concept_id,,,
measurement,measurement_concept_id,2000001076,Bone marrow involvement according to cytology [%],observation,observation_concept_id,,,
measurement,measurement_concept_id,2000001076,Bone marrow involvement according to cytology [%],,,unit_concept_id,,Yes
measurement,measurement_concept_id,2000001078,Bone marrow involvement according to histology [%],observation,observation_concept_id,,,
measurement,measurement_concept_id,2000001078,Bone marrow involvement according to histology [%],,,unit_concept_id,,Yes
measurement,measurement_concept_id,2000001077,Bone marrow involvement according to immunophenotyping [%],observation,observation_concept_id,,,
measurement,measurement_concept_id,2000001077,Bone marrow involvement according to immunophenotyping [%],,,unit_concept_id,,Yes
measurement,measurement_concept_id,2000001130,CD34+ cells [#/Volume] in Blood,observation,observation_concept_id,,,
measurement,measurement_concept_id,2000001130,CD34+ cells [#/Volume] in Blood,,,unit_concept_id,,Yes
measurement,measurement_concept_id,46236971,CD34 dose in hematopoietic progenitor cell transfusion [#/mass] per recipient body mass,observation,observation_concept_id,,,
measurement,measurement_concept_id,46236971,CD34 dose in hematopoietic progenitor cell transfusion [#/mass] per recipient body mass,,,unit_concept_id,,Yes
measurement,measurement_concept_id,3019183,CD38 cells/100 cells in Blood,observation,observation_concept_id,,,
measurement,measurement_concept_id,3019183,CD38 cells/100 cells in Blood,,,unit_concept_id,,Yes
measurement,measurement_concept_id,3020460,C reactive protein [Mass/volume] in Serum or Plasma,observation,observation_concept_id,,,
measurement,measurement_concept_id,3006906,Calcium [Mass/volume] in Serum or Plasma,observation,observation_concept_id,,,
measurement,measurement_concept_id,42527796,Cells.chromosome 12 trisomy/Cells counted in Blood or Tissue by FISH,observation,observation_concept_id,,,
measurement,measurement_concept_id,42527796,Cells.chromosome 12 trisomy/Cells counted in Blood or Tissue by FISH,,,unit_concept_id,,Yes
measurement,measurement_concept_id,3051825,Creatinine [Mass/volume] in Blood,observation,observation_concept_id,,,
measurement,measurement_concept_id,3051825,Creatinine [Mass/volume] in Blood,,,unit_concept_id,,Yes
measurement,measurement_concept_id,3017250,Creatinine [Mass/volume] in Urine,observation,observation_concept_id,,,
measurement,measurement_concept_id,3017250,Creatinine [Mass/volume] in Urine,,,unit_concept_id,,Yes
measurement,measurement_concept_id,2000001111,Del11q [%] in bone marrow by FISH,observation,observation_concept_id,,,
measurement,measurement_concept_id,2000001111,Del11q [%] in bone marrow by FISH,,,unit_concept_id,,Yes
measurement,measurement_concept_id,2000001105,Del11q [%] in peripheral blood by FISH,observation,observation_concept_id,,,
measurement,measurement_concept_id,2000001105,Del11q [%] in peripheral blood by FISH,,,unit_concept_id,,Yes
measurement,measurement_concept_id,2000001114,Del11q [Identifier] in bone marrow by FISH,observation,observation_concept_id,,,
measurement,measurement_concept_id,2000001114,Del11q [Identifier] in bone marrow by FISH,,,value_as_concept_id,Yes,
measurement,measurement_concept_id,2000001108,Del11q [Identifier] in peripheral blood by FISH,observation,observation_concept_id,,,
measurement,measurement_concept_id,2000001108,Del11q [Identifier] in peripheral blood by FISH,,,value_as_concept_id,Yes,
measurement,measurement_concept_id,2000001112,Del13q [%] in bone marrow by FISH,observation,observation_concept_id,,,
measurement,measurement_concept_id,2000001112,Del13q [%] in bone marrow by FISH,,,unit_concept_id,,Yes
measurement,measurement_concept_id,2000001106,Del13q [%] in peripheral blood by FISH,observation,observation_concept_id,,,
measurement,measurement_concept_id,2000001106,Del13q [%] in peripheral blood by FISH,,,unit_concept_id,,Yes
measurement,measurement_concept_id,2000001115,Del13q [Identifier] in bone marrow by FISH,observation,observation_concept_id,,,
measurement,measurement_concept_id,2000001115,Del13q [Identifier] in bone marrow by FISH,,,value_as_concept_id,Yes,
measurement,measurement_concept_id,2000001109,Del13q [Identifier] in peripheral blood by FISH,observation,observation_concept_id,,,
measurement,measurement_concept_id,2000001109,Del13q [Identifier] in peripheral blood by FISH,,,value_as_concept_id,Yes,
measurement,measurement_concept_id,2000001113,Del17p [%] in bone marrow by FISH,observation,observation_concept_id,,,
measurement,measurement_concept_id,2000001113,Del17p [%] in bone marrow by FISH,,,unit_concept_id,,Yes
measurement,measurement_concept_id,2000001107,Del17p [%] in peripheral blood by FISH,observation,observation_concept_id,,,
measurement,measurement_concept_id,2000001107,Del17p [%] in peripheral blood by FISH,,,unit_concept_id,,Yes
measurement,measurement_concept_id,2000001116,Del17p [Identifier] in bone marrow by FISH,observation,observation_concept_id,,,
measurement,measurement_concept_id,2000001116,Del17p [Identifier] in bone marrow by FISH,,,value_as_concept_id,Yes,
measurement,measurement_concept_id,2000001110,Del17p [Identifier] in peripheral blood by FISH,observation,observation_concept_id,,,
measurement,measurement_concept_id,2000001110,Del17p [Identifier] in peripheral blood by FISH,,,value_as_concept_id,Yes,
measurement,measurement_concept_id,2000001122,Del1p [Identifier] in bone marrow by FISH,observation,observation_concept_id,,,
measurement,measurement_concept_id,2000001122,Del1p [Identifier] in bone marrow by FISH,,,value_as_concept_id,Yes,
measurement,measurement_concept_id,2000001080,Del 6q21 [%] in bone marrow by FISH,observation,observation_concept_id,,,
measurement,measurement_concept_id,2000001080,Del 6q21 [%] in bone marrow by FISH,,,unit_concept_id,,Yes
measurement,measurement_concept_id,2000001096,Del 6q21 [%] in peripheral blood by FISH,observation,observation_concept_id,,,
measurement,measurement_concept_id,2000001096,Del 6q21 [%] in peripheral blood by FISH,,,unit_concept_id,,Yes
measurement,measurement_concept_id,2000001081,Del 6q21 [Identifier] in bone marrow by FISH,observation,observation_concept_id,,,
measurement,measurement_concept_id,2000001081,Del 6q21 [Identifier] in bone marrow by FISH,,,value_as_concept_id,Yes,
measurement,measurement_concept_id,2000001097,Del 6q21 [Identifier] in peripheral blood by FISH,observation,observation_concept_id,,,
measurement,measurement_concept_id,2000001097,Del 6q21 [Identifier] in peripheral blood by FISH,,,value_as_concept_id,Yes,
measurement,measurement_concept_id,2000001083,Del 8q24 [Identifier] in bone marrow by FISH,observation,observation_concept_id,,,
measurement,measurement_concept_id,2000001083,Del 8q24 [Identifier] in bone marrow by FISH,,,value_as_concept_id,Yes,
measurement,measurement_concept_id,2000001098,Del 8q24 [%] in peripheral blood by FISH,observation,observation_concept_id,,,
measurement,measurement_concept_id,2000001098,Del 8q24 [%] in peripheral blood by FISH,,,unit_concept_id,,Yes
measurement,measurement_concept_id,2000001099,Del 8q24 [Identifier] in peripheral blood by FISH,observation,observation_concept_id,,,
measurement,measurement_concept_id,2000001099,Del 8q24 [Identifier] in peripheral blood by FISH,,,value_as_concept_id,Yes,
observation,observation_concept_id,2000001182,Distance between G-CSF dose and end of chemotherapy [days],measurement,measurement_concept_id,,,
measurement,measurement_concept_id,3026361,Erythrocytes [#/volume] in Blood,observation,observation_concept_id,,,
measurement,measurement_concept_id,3026361,Erythrocytes [#/volume] in Blood,,,unit_concept_id,,Yes
measurement,measurement_concept_id,3009542,Hematocrit [Volume Fraction] of Blood,observation,observation_concept_id,,,
measurement,measurement_concept_id,3009542,Hematocrit [Volume Fraction] of Blood,,,unit_concept_id,,Yes
measurement,measurement_concept_id,3000963,Hemoglobin [Mass/volume] in Blood,observation,observation_concept_id,,,
measurement,measurement_concept_id,3000963,Hemoglobin [Mass/volume] in Blood,,,unit_concept_id,,Yes
measurement,measurement_concept_id,2000001155,Hyperdiploidy [Identifier] in bone marrow,observation,observation_concept_id,,,
measurement,measurement_concept_id,2000001155,Hyperdiploidy [Identifier] in bone marrow,,,value_as_concept_id,Yes,
measurement,measurement_concept_id,2000001157,Hyperdiploidy [Identifier] in bone marrow by FISH,observation,observation_concept_id,,,
measurement,measurement_concept_id,2000001157,Hyperdiploidy [Identifier] in bone marrow by FISH,,,value_as_concept_id,Yes,
measurement,measurement_concept_id,2000001154,Hypodiploidy [Identifier] in bone marrow,observation,observation_concept_id,,,
measurement,measurement_concept_id,2000001154,Hypodiploidy [Identifier] in bone marrow,,,value_as_concept_id,Yes,
measurement,measurement_concept_id,2000001156,Hypodiploidy [Identifier] in bone marrow by FISH,observation,observation_concept_id,,,
measurement,measurement_concept_id,2000001156,Hypodiploidy [Identifier] in bone marrow by FISH,,,value_as_concept_id,Yes,
measurement,measurement_concept_id,3007164,IgA [Mass/volume] in Serum or Plasma,observation,observation_concept_id,,,
measurement,measurement_concept_id,3007164,IgA [Mass/volume] in Serum or Plasma,,,unit_concept_id,,Yes
measurement,measurement_concept_id,44816761,IgA.kappa/IgA.lambda [Mass Ratio] in Serum or Plasma,observation,observation_concept_id,,,
measurement,measurement_concept_id,44816761,IgA.kappa/IgA.lambda [Mass Ratio] in Serum or Plasma,,,unit_concept_id,,Yes
measurement,measurement_concept_id,44816756,IgA.kappa [Mass/volume] in Serum or Plasma,observation,observation_concept_id,,,
measurement,measurement_concept_id,44816756,IgA.kappa [Mass/volume] in Serum or Plasma,,,unit_concept_id,,Yes
measurement,measurement_concept_id,44816757,IgA.lambda [Mass/volume] in Serum or Plasma,observation,observation_concept_id,,,
measurement,measurement_concept_id,44816757,IgA.lambda [Mass/volume] in Serum or Plasma,,,unit_concept_id,,Yes
measurement,measurement_concept_id,3005719,IgG [Mass/volume] in Serum or Plasma,observation,observation_concept_id,,,
measurement,measurement_concept_id,3005719,IgG [Mass/volume] in Serum or Plasma,,,unit_concept_id,,Yes
measurement,measurement_concept_id,44816760,IgG.kappa/IgG.lambda [Mass Ratio] in Serum or Plasma,observation,observation_concept_id,,,
measurement,measurement_concept_id,44816760,IgG.kappa/IgG.lambda [Mass Ratio] in Serum or Plasma,,,unit_concept_id,,Yes
measurement,measurement_concept_id,44816754,IgG.kappa [Mass/volume] in Serum or Plasma,observation,observation_concept_id,,,
measurement,measurement_concept_id,44816754,IgG.kappa [Mass/volume] in Serum or Plasma,,,unit_concept_id,,Yes
measurement,measurement_concept_id,44816755,IgG.lambda [Mass/volume] in Serum or Plasma,observation,observation_concept_id,,,
measurement,measurement_concept_id,44816755,IgG.lambda [Mass/volume] in Serum or Plasma,,,unit_concept_id,,Yes
measurement,measurement_concept_id,3028026,IgM [Mass/volume] in Serum or Plasma,observation,observation_concept_id,,,
measurement,measurement_concept_id,3028026,IgM [Mass/volume] in Serum or Plasma,,,unit_concept_id,,Yes
measurement,measurement_concept_id,44816762,IgM.kappa/IgM.lambda [Mass Ratio] in Serum or Plasma,observation,observation_concept_id,,,
measurement,measurement_concept_id,44816762,IgM.kappa/IgM.lambda [Mass Ratio] in Serum or Plasma,,,unit_concept_id,,Yes
measurement,measurement_concept_id,44816758,IgM.kappa [Mass/volume] in Serum or Plasma,observation,observation_concept_id,,,
measurement,measurement_concept_id,44816758,IgM.kappa [Mass/volume] in Serum or Plasma,,,unit_concept_id,,Yes
measurement,measurement_concept_id,44816759,IgM.lambda [Mass/volume] in Serum or Plasma,observation,observation_concept_id,,,
measurement,measurement_concept_id,44816759,IgM.lambda [Mass/volume] in Serum or Plasma,,,unit_concept_id,,Yes
measurement,measurement_concept_id,40759246,Immunoglobulin light chains.free [Presence] in Serum,observation,observation_concept_id,,,
measurement,measurement_concept_id,3007778,Kappa light chains/Lambda light chains [Mass Ratio] in Serum,observation,observation_concept_id,,,
measurement,measurement_concept_id,3007778,Kappa light chains/Lambda light chains [Mass Ratio] in Serum,,,unit_concept_id,,Yes
measurement,measurement_concept_id,3053209,Kappa light chains.free/Lambda light chains.free [Mass Ratio] in Serum,observation,observation_concept_id,,,
measurement,measurement_concept_id,3053209,Kappa light chains.free/Lambda light chains.free [Mass Ratio] in Serum,,,unit_concept_id,,Yes
measurement,measurement_concept_id,3031501,Kappa light chains.free/Lambda light chains.free [Mass Ratio] in Urine,observation,observation_concept_id,,,
measurement,measurement_concept_id,3031501,Kappa light chains.free/Lambda light chains.free [Mass Ratio] in Urine,,,unit_concept_id,,Yes
measurement,measurement_concept_id,3034860,Kappa light chains.free [Mass/volume] in Serum,observation,observation_concept_id,,,
measurement,measurement_concept_id,3034860,Kappa light chains.free [Mass/volume] in Serum,,,unit_concept_id,,Yes
measurement,measurement_concept_id,2000001118,Lactate Dehydrogenase [Enzymatic activity/Volume] in Blood,observation,observation_concept_id,,,
measurement,measurement_concept_id,3047169,Lambda light chains.free [Mass/volume] in Serum or Plasma,observation,observation_concept_id,,,
measurement,measurement_concept_id,3047169,Lambda light chains.free [Mass/volume] in Serum or Plasma,,,unit_concept_id,,Yes
measurement,measurement_concept_id,3032372,Large granular lymphocytes [#/volume] in Blood,observation,observation_concept_id,,,
measurement,measurement_concept_id,3032372,Large granular lymphocytes [#/volume] in Blood,,,unit_concept_id,,Yes
measurement,measurement_concept_id,3010813,Leukocytes [#/volume] in Blood,observation,observation_concept_id,,,
measurement,measurement_concept_id,3010813,Leukocytes [#/volume] in Blood,,,unit_concept_id,,Yes
measurement,measurement_concept_id,3019198,Lymphocytes [#/volume] in Blood,observation,observation_concept_id,,,
measurement,measurement_concept_id,3019198,Lymphocytes [#/volume] in Blood,,,unit_concept_id,,Yes
measurement,measurement_concept_id,3031745,Lymphocytes Plasmacytoid/100 leukocytes in Blood,observation,observation_concept_id,,,
measurement,measurement_concept_id,3031745,Lymphocytes Plasmacytoid/100 leukocytes in Blood,,,unit_concept_id,,Yes
measurement,measurement_concept_id,3007357,Lymphoma cells/100 leukocytes in Blood,observation,observation_concept_id,,,
measurement,measurement_concept_id,3007357,Lymphoma cells/100 leukocytes in Blood,,,unit_concept_id,,Yes
measurement,measurement_concept_id,3035941,MCH [Entitic mass] (mean cell hemoglobin),observation,observation_concept_id,,,
measurement,measurement_concept_id,3035941,MCH [Entitic mass] (mean cell hemoglobin),,,unit_concept_id,,Yes
measurement,measurement_concept_id,3024731,MCV [Entitic volume],observation,observation_concept_id,,,
measurement,measurement_concept_id,3024731,MCV [Entitic volume],,,unit_concept_id,,Yes
measurement,measurement_concept_id,2000001172,MM - MRD assessment using Multiparametric Flow Cytometry (MFC),observation,observation_concept_id,,,
measurement,measurement_concept_id,2000001172,MM - MRD assessment using Multiparametric Flow Cytometry (MFC),,,value_as_concept_id,Yes,
measurement,measurement_concept_id,2000001173,MM - MRD assessment using Next Generation Sequencing (NGS),observation,observation_concept_id,,,
measurement,measurement_concept_id,2000001173,MM - MRD assessment using Next Generation Sequencing (NGS),,,value_as_concept_id,Yes,
measurement,measurement_concept_id,3032340,Malignant cells/100 leukocytes in Blood,observation,observation_concept_id,,,
measurement,measurement_concept_id,3032340,Malignant cells/100 leukocytes in Blood,,,unit_concept_id,,Yes
measurement,measurement_concept_id,3032330,Malignant cells [#/volume] in Blood,observation,observation_concept_id,,,
measurement,measurement_concept_id,3032330,Malignant cells [#/volume] in Blood,,,unit_concept_id,,Yes
measurement,measurement_concept_id,3031747,Monoblasts [#/volume] in Blood,observation,observation_concept_id,,,
measurement,measurement_concept_id,3031747,Monoblasts [#/volume] in Blood,,,unit_concept_id,,Yes
measurement,measurement_concept_id,3019069,Monocytes %,observation,observation_concept_id,,,
measurement,measurement_concept_id,3019069,Monocytes %,,,unit_concept_id,,Yes
measurement,measurement_concept_id,3014695,Myeloblasts/100 leukocytes in Blood,observation,observation_concept_id,,,
measurement,measurement_concept_id,3014695,Myeloblasts/100 leukocytes in Blood,,,unit_concept_id,,Yes
measurement,measurement_concept_id,3021120,Myelocytes [#/volume] in Blood,observation,observation_concept_id,,,
measurement,measurement_concept_id,3021120,Myelocytes [#/volume] in Blood,,,unit_concept_id,,Yes
measurement,measurement_concept_id,3017732,Neutrophils [#/volume] in Blood,observation,observation_concept_id,,,
measurement,measurement_concept_id,3017732,Neutrophils [#/volume] in Blood,,,unit_concept_id,,Yes
observation,observation_concept_id,2000001177,Occurrence of haematopoietic insufficiency with anemia/leukopenia/thrombocytopenia,measurement,measurement_concept_id,,,
measurement,measurement_concept_id,3032942,Plasma cell precursor/100 leukocytes in Blood,observation,observation_concept_id,,,
measurement,measurement_concept_id,3032942,Plasma cell precursor/100 leukocytes in Blood,,,unit_concept_id,,Yes
measurement,measurement_concept_id,3032320,Plasma cell precursor [#/volume] in Blood,observation,observation_concept_id,,,
measurement,measurement_concept_id,3032320,Plasma cell precursor [#/volume] in Blood,,,unit_concept_id,,Yes
measurement,measurement_concept_id,3007461,Platelets [#/volume] in Blood,observation,observation_concept_id,,,
measurement,measurement_concept_id,3007461,Platelets [#/volume] in Blood,,,unit_concept_id,,Yes
measurement,measurement_concept_id,3031114,Protein.monoclonal/Protein.total in 24 hour Urine by Electrophoresis,observation,observation_concept_id,,,
measurement,measurement_concept_id,3031114,Protein.monoclonal/Protein.total in 24 hour Urine by Electrophoresis,,,unit_concept_id,,Yes
measurement,measurement_concept_id,3036416,Protein.monoclonal [Mass/volume] in Urine,observation,observation_concept_id,,,
measurement,measurement_concept_id,3036416,Protein.monoclonal [Mass/volume] in Urine,,,unit_concept_id,,Yes
observation,observation_concept_id,2000001149,SLiM-CRAB criteria: A,measurement,measurement_concept_id,,,
observation,observation_concept_id,2000001149,SLiM-CRAB criteria: A,,,value_as_concept_id,Yes,
observation,observation_concept_id,2000001150,SLiM-CRAB criteria: B,measurement,measurement_concept_id,,,
observation,observation_concept_id,2000001150,SLiM-CRAB criteria: B,,,value_as_concept_id,Yes,
observation,observation_concept_id,2000001147,SLiM-CRAB criteria: C,measurement,measurement_concept_id,,,
observation,observation_concept_id,2000001147,SLiM-CRAB criteria: C,,,value_as_concept_id,Yes,
observation,observation_concept_id,2000001152,SLiM-CRAB criteria: Li,measurement,measurement_concept_id,,,
observation,observation_concept_id,2000001152,SLiM-CRAB criteria: Li,,,value_as_concept_id,Yes,
observation,observation_concept_id,2000001153,SLiM-CRAB criteria: M,measurement,measurement_concept_id,,,
observation,observation_concept_id,2000001153,SLiM-CRAB criteria: M,,,value_as_concept_id,Yes,
observation,observation_concept_id,2000001148,SLiM-CRAB criteria: R,measurement,measurement_concept_id,,,
observation,observation_concept_id,2000001148,SLiM-CRAB criteria: R,,,value_as_concept_id,Yes,
observation,observation_concept_id,2000001151,SLiM-CRAB criteria: S,measurement,measurement_concept_id,,,
observation,observation_concept_id,2000001151,SLiM-CRAB criteria: S,,,value_as_concept_id,Yes,
measurement,measurement_concept_id,3015586,Segmented neutrophils [#/volume] in Blood,observation,observation_concept_id,,,
measurement,measurement_concept_id,3015586,Segmented neutrophils [#/volume] in Blood,,,unit_concept_id,,Yes
measurement,measurement_concept_id,3031741,Smudge cells [#/volume] in Blood,observation,observation_concept_id,,,
measurement,measurement_concept_id,3031741,Smudge cells [#/volume] in Blood,,,unit_concept_id,,Yes
measurement,measurement_concept_id,3009106,TP53 gene mutations found [Identifier] in Blood or Tissue by Molecular genetics method Nominal,observation,observation_concept_id,,,
measurement,measurement_concept_id,3009106,TP53 gene mutations found [Identifier] in Blood or Tissue by Molecular genetics method Nominal,,,value_as_concept_id,Yes,
measurement,measurement_concept_id,2000001126,t(11;14) [identifier] in bone marrow by FISH,observation,observation_concept_id,,,
measurement,measurement_concept_id,2000001126,t(11;14) [identifier] in bone marrow by FISH,,,value_as_concept_id,Yes,
measurement,measurement_concept_id,2000001124,t(14;16) [Identifier] in bone marrow by FISH,observation,observation_concept_id,,,
measurement,measurement_concept_id,2000001124,t(14;16) [Identifier] in bone marrow by FISH,,,value_as_concept_id,Yes,
measurement,measurement_concept_id,2000001125,t(14;20) [Identifier] in bone marrow by FISH,observation,observation_concept_id,,,
measurement,measurement_concept_id,2000001125,t(14;20) [Identifier] in bone marrow by FISH,,,value_as_concept_id,Yes,
measurement,measurement_concept_id,2000001123,t(4;14) [Identifier] in bone marrow by FISH,observation,observation_concept_id,,,
measurement,measurement_concept_id,2000001123,t(4;14) [Identifier] in bone marrow by FISH,,,value_as_concept_id,Yes,
measurement,measurement_concept_id,2000001127,t(6;14) [Identifier] in bone marrow by FISH,observation,observation_concept_id,,,
measurement,measurement_concept_id,2000001127,t(6;14) [Identifier] in bone marrow by FISH,,,value_as_concept_id,Yes,
measurement,measurement_concept_id,3001552,Prolymphocytes [#/volume] in Blood,observation,observation_concept_id,,,
measurement,measurement_concept_id,3001552,Prolymphocytes [#/volume] in Blood,,,unit_concept_id,,Yes
measurement,measurement_concept_id,3031793,Immature monocytes/100 leukocytes in Blood,observation,observation_concept_id,,,
measurement,measurement_concept_id,3031793,Immature monocytes/100 leukocytes in Blood,,,unit_concept_id,,Yes
measurement,measurement_concept_id,3031772,Monoblasts/100 leukocytes in Blood,observation,observation_concept_id,,,
measurement,measurement_concept_id,3031772,Monoblasts/100 leukocytes in Blood,,,unit_concept_id,,Yes
measurement,measurement_concept_id,3031805,Promonocytes [#/volume] in Blood,observation,observation_concept_id,,,
measurement,measurement_concept_id,3031805,Promonocytes [#/volume] in Blood,,,unit_concept_id,,Yes
measurement,measurement_concept_id,3017354,Segmented neutrophils/100 leukocytes in Blood,observation,observation_concept_id,,,
measurement,measurement_concept_id,3017354,Segmented neutrophils/100 leukocytes in Blood,,,unit_concept_id,,Yes
measurement,measurement_concept_id,3001604,Monocytes [#/volume] in Blood,observation,observation_concept_id,,,
measurement,measurement_concept_id,3001604,Monocytes [#/volume] in Blood,,,unit_concept_id,,Yes
measurement,measurement_concept_id,3018718,Plasma cells/100 leukocytes in Blood,observation,observation_concept_id,,,
measurement,measurement_concept_id,3018718,Plasma cells/100 leukocytes in Blood,,,unit_concept_id,,Yes
measurement,measurement_concept_id,3031781,Immature monocytes [#/volume] in Blood,observation,observation_concept_id,,,
measurement,measurement_concept_id,3031781,Immature monocytes [#/volume] in Blood,,,unit_concept_id,,Yes
measurement,measurement_concept_id,3018010,Neutrophils %,observation,observation_concept_id,,,
measurement,measurement_concept_id,3018010,Neutrophils %,,,unit_concept_id,,Yes
measurement,measurement_concept_id,3000192,Neutrophils.hypersegmented [#/volume] in Blood,observation,observation_concept_id,,,
measurement,measurement_concept_id,3000192,Neutrophils.hypersegmented [#/volume] in Blood,,,unit_concept_id,,Yes
measurement,measurement_concept_id,3010997,Myeloblasts [#/volume] in Blood,observation,observation_concept_id,,,
measurement,measurement_concept_id,3010997,Myeloblasts [#/volume] in Blood,,,unit_concept_id,,Yes
